sample_id,content_preview,token_length,topic_keywords,source_file,split
376d51ae-7154-4814-bf37-ef6fe34d293d,"The numbers might pencil out, but my biggest concern is my guys. They're technicians, not computer e...",341,"User Adoption,Technicians,Mobile App",sales_create_methodology.txt,train
03b9657f-f27f-4aa2-abc0-db91208d813d,The numbers make sense on paper. But my lead techs have been doing this for 20 years. They're not ki...,437,"Technician Adoption,Field Service Management,Software Implementation",sales_create_playbooks.txt,train
32f1b15b-73c9-4007-94d9-08aad80d647f,The ROI makes sense on paper. But my main hesitation is the guys in the field. I've got a lot of sen...,325,"Tech Adoption,Field Technicians,Mobile App",sales_identify_conversations.txt,train
aef63c62-0664-4f26-b7eb-319fb9c9139e,"The numbers make sense, but I'm worried about my guys. I've got a lot of senior technicians who hate...",249,"Tech adoption,Mobile app,Training",sales_identify_chatlogs.txt,train
229ec4f9-18db-4f7d-80ab-aaa916806c9a,You've clearly dealt with that before. The training is a big deal for me. I'm also concerned about t...,298,"Implementation,Onboarding,Downtime",sales_create_methodology.txt,train
0b114a30-3e1a-4227-9560-8da9ba5483bc,"The numbers are compelling, I'll give you that. But my biggest hesitation isn't the money, it's my c...",359,"User Adoption,Technicians,Mobile App",sales_create_methodology.txt,train
914d88e0-e1e3-43ca-a313-f5abc607a0f1,A six-month payback is compelling. But what about the transition? I can't afford to have my whole op...,268,"Implementation,Downtime,Training",sales_identify_chatlogs.txt,train
44a14170-3ad4-427f-914e-157db89b160e,"The ROI is compelling, but my business partner, the CFO, will be concerned about the implementation....",285,"Implementation,Operational Downtime,Phased Rollout",sales_identify_chatlogs.txt,train
b2f67194-a15e-4efc-9b3d-95f77b35b2f4,"My biggest fear is the transition. We are incredibly busy right now, and the idea of stopping everyt...",276,"Implementation,Downtime,Onboarding",sales_identify_chatlogs.txt,train
6f350064-cd65-4e35-921b-29e452202847,"That sounds impressive, but I'm sure it comes with an impressive price tag. What does something like...",261,"Pricing,Implementation,ROI",sales_identify_chatlogs.txt,train
76ff968c-72d5-4687-8a5e-404a5fbea4eb,"Okay, that addresses my biggest fear. Let's talk brass tacks. For a 40-technician team, what kind of...",254,"Pricing,Investment,ROI",sales_create_methodology.txt,train
2719d950-8930-4bc5-8b3c-d6833edb1aad,A 3-6 month payback is faster than I expected. I'd need to see it in action before making any decisi...,191,"live demo,scheduling,dispatch",sales_identify_conversations.txt,train
73b12630-d419-4c1c-baf7-9ba35cbb7b19,"A 4-6 month payback is compelling, I'll admit. My biggest remaining concern is the switchover. We're...",262,"Implementation,Downtime,Onboarding",sales_identify_chatlogs.txt,train
01188230-5b4d-477b-9370-b70f4413787b,"I get the numbers, but my biggest concern is adoption. I've got senior guys who have been doing this...",317,"User Adoption,Ease of Use,Training",sales_identify_conversations.txt,train
b13a52fc-81c4-46a9-974d-f8b938c71e94,"I get the numbers, but my biggest concern is adoption. I've got guys who have been turning wrenches ...",306,"Adoption,Technician App,Simplicity",sales_identify_conversations.txt,train
c5818ef6-2eda-4320-9d0c-0b64c33d930d,The ROI makes sense on paper. My biggest hesitation is my team. I have guys who have been doing this...,266,"Team Adoption,Technician App,Usability",sales_identify_conversations.txt,train
5c2be60c-99d3-4140-a886-b580cad2cdfa,"The ROI makes sense on paper, but my biggest worry is my guys. I've got some veteran techs who are f...",377,"Technician Adoption,Field Service Software,Implementation",sales_create_playbooks.txt,train
1563434f-e4fe-4721-bae4-8f5077216633,"I can see the ROI on paper, but I've got another problem. My guys are plumbers, not computer whizzes...",308,"User Adoption,Field Service,Training",sales_create_playbooks.txt,train
1188efcb-4b81-46f0-afdc-bb86b648f9e8,The ROI makes sense on paper. But my biggest hesitation is the techs themselves. Most of my guys are...,348,"Field Service Software,Technician Adoption,HVAC",sales_create_methodology.txt,train
497a8e13-1611-4003-ab96-635f07984c3c,"I see the numbers, but I'm worried about my guys in the field. I've got a few senior techs, great pl...",293,"Mobile App,Technician Adoption,Training",sales_identify_conversations.txt,train
e7aee442-73fa-438b-866c-2b8c96330213,"I'm still skeptical. My guys are technicians, not computer experts. We tried a different scheduling ...",353,"Scheduling software,Technician adoption,Implementation",sales_create_playbooks.txt,train
e238cadf-32de-47fc-861b-c29ac17e03f5,"Okay, the ROI makes sense. But my biggest fear is implementation. We tried a different field service...",311,"Implementation,Technician Adoption,Field Service Software",sales_identify_conversations.txt,train
451669ca-7b1f-4e98-aed2-ee70cd520427,"Okay, that makes sense. Let's talk brass tacks. What does a system like this cost for 25 technicians...",281,"Pricing,ROI,Revenue",sales_identify_conversations.txt,train
a3205c85-eabe-4bce-b17b-c6df052e05de,That sounds great in theory. But what does something like this cost? And my guys... they're plumbers...,295,"Technician App,Cost,Adoption",sales_identify_chatlogs.txt,train
30924294-f3ce-4b40-b125-6901a603ebfb,"That's good to hear. Ultimately, the owner will want to know the cost and the return. What's the bal...",276,"Pricing,ROI,Payback Period",sales_create_methodology.txt,train
c3be63ae-dc6f-4b1b-9606-bff727b82faa,"I get the numbers, but my biggest worry is my team. My senior guys have been doing this for 20 years...",309,"Adoption,Field Service,Implementation",sales_create_methodology.txt,train
e865a388-9ffc-4766-9010-175436e705b8,The numbers make sense on paper. My biggest fear is my techs. They're old-school. We tried a differe...,363,"Technician adoption,Field service app,Implementation",sales_create_methodology.txt,train
137c3ad6-19d9-4bf6-b137-5e71da42ce84,I've been burned before. We tried a different software a few years back and it was a disaster. My se...,335,"Tech Adoption,Onboarding,Technicians",sales_create_methodology.txt,train
ae182beb-4200-4a58-83b4-3e6c013f843a,"That's a significant monthly expense. My biggest hesitation isn't just the money, it's the team. I'v...",355,"Adoption,Technician Training,Onboarding",sales_create_methodology.txt,train
4ab63983-54cd-40e3-b8ac-d6f7750148bb,"The math makes sense on paper, but switching our entire operations over feels like a huge risk. We'r...",315,"Downtime,Implementation,Risk",sales_create_playbooks.txt,train
09dfaf61-8792-4b29-b495-a79254b69ec5,"That sounds great in a demo, but my guys are plumbers and tin-knockers, not computer scientists. We ...",366,"Mobile App,Field Service,User Adoption",sales_create_playbooks.txt,train
78dbf04e-c0a8-44a6-a9b6-29e9d4946954,"The numbers make sense, but my biggest fear is adoption. My lead techs have been doing this for 20 y...",310,"Adoption,Field Service Software,Usability",sales_create_methodology.txt,train
77f1b501-9c24-4fed-bb4d-289cc8b6ecc6,"The numbers make sense on paper. My biggest worry isn't the money, it's the guys in the field. I've ...",384,"Technician Adoption,Field Service,Software Implementation",sales_create_methodology.txt,train
bfba88c9-d91e-43bb-8f1c-ee841e7ca418,A 4-month payback period is compelling. My biggest fear is the transition. We can't afford to have o...,293,"Onboarding,Downtime,Live Demo",sales_identify_conversations.txt,train
e41a5573-72a9-454e-908c-a2f4f2165eb3,"A 3-6 month payback is compelling, but my biggest fear is the transition. I can't afford to have our...",310,"Implementation Risk,Phased Rollout,Operational Downtime",sales_create_methodology.txt,train
d8844a10-8062-4169-be2a-c7988593f296,"A 3-6 month ROI is compelling, but I'm worried about the transition. We tried a different software a...",287,"Implementation,Downtime,Transition",sales_identify_conversations.txt,train
aa09b23a-b12a-4652-b5aa-353c0b98dddf,The numbers make sense on paper. My biggest fear is the transition. We are booked solid for the next...,329,"Implementation,Onboarding,Downtime",sales_create_playbooks.txt,train
6b41d8c6-0b38-4278-b585-322a99594cb8,A 3-6 month payback is compelling. My last question is about the switchover. We can't afford to have...,284,"Implementation,Downtime,Transition",sales_identify_chatlogs.txt,train
2c328278-5407-4f76-9cc0-89d0ef12764e,"I'm intrigued, but I have to be honest. We tried a different software a few years ago and it was a d...",365,"Implementation,Tech Adoption,Onboarding",sales_identify_conversations.txt,train
eefdff5c-20f9-4833-a93b-f4d7a5d4a2fa,"I hear you, but my lead techs have been with me for 15 years. They're great at fixing furnaces, not ...",302,"Technician Adoption,Contractor Software,Usability",sales_create_methodology.txt,validation
5bca3d46-f529-446f-acbb-00aebea1c7c5,"The numbers sound good, but I'm worried about my guys in the field. They're used to getting a call a...",289,"Mobile app,Field service,Implementation",sales_identify_conversations.txt,validation
d720251c-c9fb-46a4-9cc4-ffaab7f14432,I'm just worried about my guys in the field. I've got techs who've been with me for 20 years; they'r...,305,"Technicians,Software Adoption,Mobile App",sales_identify_conversations.txt,validation
58d14b5a-25f7-443a-9ca7-f3d0712ae292,"Okay, you've got my attention. But what's this going to cost me? I can't afford a massive software b...",220,"Pricing,Return on Investment,Implementation",sales_identify_chatlogs.txt,validation
c0e20106-e9d0-432e-9524-7e87856a6f3b,"I'm just worried my guys will fight me on it. They're great technicians, but not tech wizards. They'...",308,"Mobile App,Technicians,User Adoption",sales_identify_conversations.txt,validation
860fd5bd-00d3-4d5e-a0f6-9ff46ecc31e6,The ROI makes sense on paper. But my biggest worry is adoption. I've got techs who have been with us...,276,"Adoption,Technicians,Implementation",sales_identify_chatlogs.txt,validation
d53a708b-7e95-4ff5-9278-eae7b4a45226,"I get the ROI on paper, but my biggest concern is my team. I've got guys who have been turning wrenc...",381,"Technician adoption,Ease of use,Mobile app",sales_create_methodology.txt,validation
da51de3b-40d6-4797-8114-2f1302862bd3,The numbers make sense on paper. But my biggest concern is adoption. I have senior techs who have be...,335,"User Adoption,Implementation,Mobile App",sales_create_methodology.txt,validation
6dd4b6c3-9421-42f3-a5eb-307527f6246f,I'm still hesitant. We tried a different field service software a few years ago and it was a disaste...,346,"Field service software,Technician adoption,Onboarding",sales_create_playbooks.txt,validation
111fa582-9319-42d0-a4cf-1d1b55d9505c,"<follow-up question> The numbers make sense on paper, but my biggest hurdle is my guys. I've got som...",383,"User Adoption,Technicians,Implementation",sales_create_methodology.txt,validation
b1c2c376-ab5f-4932-90ef-cdf520762bf2,"Okay, the numbers make sense on paper. But I'm worried about my guys. They're used to getting a call...",284,"Technician App,User Adoption,Training",sales_create_playbooks.txt,validation
